id,user_id,description,age,address,skype,phone,other_messenger,avatar,rating,views,order_count
1,1,Test description,37,Test address,skype,12345678901,,,0,0,0
2,2,Test description,37,Test address,skype,12345678901,,,0,0,0
3,3,Test description,37,Test address,skype,12345678901,,,0,0,0
4,4,Test description,37,Test address,skype,12345678901,,,0,0,0
5,5,Test description,37,Test address,skype,12345678901,,,0,0,0
6,6,Test description,37,Test address,skype,12345678901,,,0,0,0
7,7,Test description,37,Test address,skype,12345678901,,,0,0,0
8,8,Test description,37,Test address,skype,12345678901,,,0,0,0
9,9,Test description,37,Test address,skype,12345678901,,,0,0,0
10,10,Test description,37,Test address,skype,12345678901,,,0,0,0
11,11,Test description,37,Test address,skype,12345678901,,,0,0,0
12,12,Test description,37,Test address,skype,12345678901,,,0,0,0
13,13,Test description,37,Test address,skype,12345678901,,,0,0,0
14,14,Test description,37,Test address,skype,12345678901,,,0,0,0
15,15,Test description,37,Test address,skype,12345678901,,,0,0,0
16,16,Test description,37,Test address,skype,12345678901,,,0,0,0
17,17,Test description,37,Test address,skype,12345678901,,,0,0,0
18,18,Test description,37,Test address,skype,12345678901,,,0,0,0
19,19,Test description,37,Test address,skype,12345678901,,,0,0,0
20,20,Test description,37,Test address,skype,12345678901,,,0,0,0
